_id,registration
5ec1cf7c62c65b02d1be5896,BG65OJA
5ec1cf8462c65b02d1be5897,HK12FEU
5ec1cf8562c65b02d1be5898,KC15BGV
5ec1cf8862c65b02d1be589a,J1RHG
5ec1cf8c62c65b02d1be589c,OV65MWO
5ec1cf8f62c65b02d1be589f,5DO9ZT2
5ec1cf9262c65b02d1be58a0,EO17UWA
5ec1cf9662c65b02d1be58a2,GA57ONE
5ec1cf9a62c65b02d1be58a8,LF13AVG
5ec1cf9b62c65b02d1be58ab,LB12TCO
5ec1cf9f62c65b02d1be58b0,LG19HVA
5ec1cfa062c65b02d1be58b3,HU55AMW
5ec1cfa262c65b02d1be58b5,LJ16VSY
5ec1cfa662c65b02d1be58b8,T777MVA
5ec1cfac62c65b02d1be58bc,LC08XZD
5ec1cfae62c65b02d1be58c0,RK17ZCN
5ec1cfb762c65b02d1be58c1,SH11EGH
5ec1cfbb62c65b02d1be58c4,LG17RLO
5ec1cfbb62c65b02d1be58c6,FN09EKH
5ec1cfbd62c65b02d1be58c9,MK65XTR
5ec1cfbe62c65b02d1be58cb,LK64XGH
5ec1cfc062c65b02d1be58cd,D12VNC
5ec1cfc462c65b02d1be58d3,LD68MXU
5ec1cfcb62c65b02d1be58d5,RO64HRA
5ec1cfcd62c65b02d1be58d9,LG61NBB
5ec1cfcf62c65b02d1be58dd,UK10NLY
5ec1cfd062c65b02d1be58e0,AE68BDF
5ec1cfd362c65b02d1be58e4,SW15HWA
5ec1cfda62c65b02d1be58e9,AJ59YWG
5ec1cfdc62c65b02d1be58ea,GJ06VMO
5ec1cfdd62c65b02d1be58eb,AE63BWW
5ec1cfe662c65b02d1be58ef,LF14HSU
5ec1cfea62c65b02d1be58f2,GK17KKZ
5ec1cff162c65b02d1be58f3,D2VAA
5ec1cff462c65b02d1be58fb,LC11XPA
5ec1cff762c65b02d1be58fe,RJ16XYD
5ec1cffa62c65b02d1be5900,KE15UXH
5ec1cffc62c65b02d1be5904,LF18FYS
5ec1cffe62c65b02d1be5909,LF65OTA
5ec1d00162c65b02d1be590d,Y874HDM
5ec1d00462c65b02d1be5911,YD54VWF
5ec1d00562c65b02d1be5913,OE17BNV
5ec1d00962c65b02d1be5917,LF64WJM
5ec1d01162c65b02d1be591b,173D437
5ec1d02662c65b02d1be591c,L4E0G
5ec1d02862c65b02d1be5920,LL67RYU
5ec1d03662c65b02d1be5922,LK19OHX
5ec1d03762c65b02d1be5924,BF09AVN
5ec1d03862c65b02d1be5927,LF54FBC
5ec1d03a62c65b02d1be592a,KC02HPU
5ec1d03c62c65b02d1be592b,GU63RYZ
5ec1d03f62c65b02d1be592f,LG14XWE
5ec1d04562c65b02d1be5932,YB12JGX
5ec1d04662c65b02d1be5934,MF65OVK
5ec1d04a62c65b02d1be5939,KR16OAW
5ec1d04b62c65b02d1be593c,LP68USE
5ec1d04f62c65b02d1be593e,LB17KPE
5ec1d05262c65b02d1be5940,LA17ONC
5ec1d05462c65b02d1be5942,SE6OHAO
5ec1d05a62c65b02d1be5946,GF63EPV
5ec1d05b62c65b02d1be5948,Y888BAD
5ec1d05d62c65b02d1be594b,F8RWD
5ec1d05e62c65b02d1be594d,LP07AUU
5ec1d06262c65b02d1be5951,LG55EBK
5ec1d06962c65b02d1be5952,LJ15USY
5ec1d06e62c65b02d1be5954,LF51NYS
5ec1d07362c65b02d1be5956,J800F0X
5ec1d07662c65b02d1be595a,S77NJC
5ec1d09462c65b02d1be595c,BV16MFX
5ec1d09762c65b02d1be5965,AO61YCJ
5ec1d09962c65b02d1be5967,T414KKL
5ec1d09a62c65b02d1be5969,RX68TWL
5ec1d09c62c65b02d1be596a,NJ64KNH
5ec1d09e62c65b02d1be596d,AR05DVW
5ec1d0a062c65b02d1be5970,H19UAE
5ec1d0a162c65b02d1be5974,PL66XNV
5ec1d0a262c65b02d1be5975,EK63HCZ
5ec1d0a362c65b02d1be5976,AE07TGV
5ec1d0a462c65b02d1be5978,WV16NKK
5ec1d0a962c65b02d1be597a,GK18NCA
5ec1d0ae62c65b02d1be597f,VK10XCM
5ec1d0b162c65b02d1be5981,01B430
5ec1d0b962c65b02d1be5983,GF19WVU
5ec1d0bf62c65b02d1be598b,MR05ABE
5ec1d0c562c65b02d1be5995,MF14MWP
5ec1d0c962c65b02d1be5996,V8NOP
5ec1d0cb62c65b02d1be5999,10FY
5ec1d0cd62c65b02d1be599b,173D441
5ec1d0cf62c65b02d1be59a0,LN64WVM
5ec1d0d162c65b02d1be59a3,FY66LZA
5ec1d0d262c65b02d1be59a6,LS67BZH
5ec1d0e062c65b02d1be59b1,LJ68XMA
5ec1d0e262c65b02d1be59b2,150150
5ec1d0e862c65b02d1be59b5,GL17OWJ
5ec1d0ea62c65b02d1be59b9,LR62VGO
5ec1d0ec62c65b02d1be59be,YL18NLG
5ec1d0ed62c65b02d1be59c1,FE67HGC
5ec1d0f262c65b02d1be59c6,LJ19ZOX
5ec1d0fa62c65b02d1be59cb,KS15YYE
5ec1d0fd62c65b02d1be59cf,GK13TNN
5ec1d10462c65b02d1be59d2,RX04LSC
5ec1d10762c65b02d1be59d8,LA19YZJ
5ec1d10a62c65b02d1be59dc,LT07XMP
5ec1d10d62c65b02d1be59dd,S5SWU
5ec1d11562c65b02d1be59e1,CV56CXR
5ec1d11962c65b02d1be59e6,YB68CDY
5ec1d11b62c65b02d1be59e7,LM10SVX
5ec1d12062c65b02d1be59e9,11111
5ec1d12162c65b02d1be59ea,DU05OPB
5ec1d12662c65b02d1be59eb,HV57XLZ
5ec1d12962c65b02d1be59ec,SF15LXC
5ec1d13362c65b02d1be59f4,DU15FXG
5ec1d14462c65b02d1be59fa,160D923
5ec1d15362c65b02d1be59fd,X20TSS
5ec1d15662c65b02d1be59ff,FN69EEY
5ec1d15962c65b02d1be5a06,YL65FNE
5ec1d15b62c65b02d1be5a08,KW69CAX
5ec1d15f62c65b02d1be5a0d,FH64VHU
5ec1d16262c65b02d1be5a0e,LP63MDL
5ec1d16562c65b02d1be5a12,YJ15XKX
5ec1d16662c65b02d1be5a15,RK69PYX
5ec1d16b62c65b02d1be5a19,M963TDB
5ec1d16c62c65b02d1be5a1c,GX53OWZ
5ec1d17562c65b02d1be5a1d,YD19CZE
5ec1d17c62c65b02d1be5a24,P28N0N
5ec1d17e62c65b02d1be5a26,UR10RDX
5ec1d18362c65b02d1be5a28,GL19TNJ
5ec1d18462c65b02d1be5a2d,GL09TNJ
5ec1d18d62c65b02d1be5a2e,D19RCA
5ec1d19462c65b02d1be5a31,LB66TUY
5ec1d19962c65b02d1be5a34,9O2O9
5ec1d19a62c65b02d1be5a35,9O2O9
5ec1d1a062c65b02d1be5a3a,BL60WYJ
5ec1d1a862c65b02d1be5a3f,LD66XVF
5ec1d1a962c65b02d1be5a40,BL60WYJ
5ec1d1ad62c65b02d1be5a42,3OCRG
5ec1d1ad62c65b02d1be5a45,30CRG
5ec1d1af62c65b02d1be5a46,BG12UAP
5ec1d1b962c65b02d1be5a48,HN69DVR
5ec1d1bc62c65b02d1be5a49,YD69EUG
5ec1d1cf62c65b02d1be5a4c,HN69DVR
5ec1d1d462c65b02d1be5a52,KV69BWP
5ec1d1d562c65b02d1be5a53,LX16OWJ
5ec1d1db62c65b02d1be5a5d,GL69XNF
5ec1d1df62c65b02d1be5a62,Y55SHU
5ec1d1e262c65b02d1be5a63,YL18NDV
5ec1d1e462c65b02d1be5a66,RO51NXD
5ec1d1eb62c65b02d1be5a6b,LC67DND
5ec1d1ef62c65b02d1be5a6d,LM11KNV
5ec1d1f062c65b02d1be5a6e,OY18DSU
5ec1d1fa62c65b02d1be5a6f,LK16UYG
5ec1d1ff62c65b02d1be5a74,LG17ZVW
5ec1d1ff62c65b02d1be5a75,LG07ZVW
5ec1d1ff62c65b02d1be5a76,LG17ZVW
5ec1d20162c65b02d1be5a77,RK16LUF
5ec1d20362c65b02d1be5a7b,FX15OVE
5ec1d20462c65b02d1be5a7d,RU11MSH
5ec1d20762c65b02d1be5a7f,LG62TKF
5ec94b6cb956ba02d5b9d9bd,RX04LSC
5ec94b72b956ba02d5b9d9c0,LT07XMP
5ec94b75b956ba02d5b9d9c2,S5SWU
5ec94b75b956ba02d5b9d9c3,S5SWU
5ec94b7cb956ba02d5b9d9c5,CV56CXR
5ec94b81b956ba02d5b9d9ca,YD68CDY
5ec94b83b956ba02d5b9d9ce,LM10SVX
5ec94b88b956ba02d5b9d9d0,DUO50PB
5ec94b8db956ba02d5b9d9d2,HV57XLZ
5ec94b91b956ba02d5b9d9d4,SF15LXC
5ec94b96b956ba02d5b9d9d9,DU15FXG
5ec94b9ab956ba02d5b9d9de,DU05FXG
5ec94ba9b956ba02d5b9d9e4,160D923
5ec94bb4b956ba02d5b9d9ea,LF16EBA
5ec94bbbb956ba02d5b9d9eb,X20TSS
5ec94bbfb956ba02d5b9d9ee,FN69EEY
5ec94bc6b956ba02d5b9d9f4,YL65FNE
5ec94bcfb956ba02d5b9d9f8,FH64VHU
5ec94bd5b956ba02d5b9d9fc,LP63MDU
5ec94bdab956ba02d5b9d9ff,YJ15XKX
5ec94be5b956ba02d5b9da03,M963TDB
5ec94be8b956ba02d5b9da06,GX53OWZ
5ec94befb956ba02d5b9da09,YK17UEF
5ec94bfbb956ba02d5b9da0c,YD19CZE
5ec94c06b956ba02d5b9da10,P28N0N
5ec94c0ab956ba02d5b9da13,UR10RDX
5ec94c14b956ba02d5b9da1a,GL19TNJ
5ec94c1bb956ba02d5b9da1b,D19RC
5ec94c21b956ba02d5b9da1c,80959
5ec94c24b956ba02d5b9da1e,LB66TUY
5ec94c28b956ba02d5b9da20,902O9
5ec94c2bb956ba02d5b9da23,80209
5ec94c2db956ba02d5b9da25,BL60WYJ
5ec94c34b956ba02d5b9da2a,LD66XVF
5ec94c37b956ba02d5b9da2c,30CRG
5ec94c39b956ba02d5b9da2f,BG12UAP
5ec94c43b956ba02d5b9da30,YD69EUG
5ec94c50b956ba02d5b9da35,HN69DVR
5ec94c52b956ba02d5b9da36,KV69BWP
5ec94c54b956ba02d5b9da3a,LX16OWJ
5ec94c58b956ba02d5b9da43,GL69XNF
5ec94c5ab956ba02d5b9da44,Y55SHU
5ec94c5db956ba02d5b9da45,RO51NXD
5ec94c60b956ba02d5b9da49,LC67DND
5ec94c63b956ba02d5b9da4d,LM11KNV
5ec94c65b956ba02d5b9da50,OY18DSU
5ec94c6bb956ba02d5b9da51,LK16UYG
5ec94c6fb956ba02d5b9da53,LG17ZVW
5ec94c71b956ba02d5b9da58,RK16LUF
5ec94c73b956ba02d5b9da5b,FX15OVE
5ec94c77b956ba02d5b9da5d,LG62TKF
5ec94c7ab956ba02d5b9da5f,LB69LGO
5ec94c7bb956ba02d5b9da61,LB65LFF
5ec94c7eb956ba02d5b9da66,LG16EYA
5ec94c7fb956ba02d5b9da68,YD64GPO
5ec94c80b956ba02d5b9da69,SP56WYD
5ec94c80b956ba02d5b9da6a,SP56WYD
5ec94c81b956ba02d5b9da6c,BT68FNZ
5ec94c83b956ba02d5b9da70,OY68WDG
5ec94c86b956ba02d5b9da73,MT16CVC
5ec94c89b956ba02d5b9da77,NA05CZO
5ec94c8cb956ba02d5b9da79,LB10RNU
5ec94c8db956ba02d5b9da7c,AO09KAZ
5ec94c90b956ba02d5b9da7d,LG62TKF
5ec94c94b956ba02d5b9da83,H18UAE
5ec94c98b956ba02d5b9da85,LJ57ZZD
5ec94c9ab956ba02d5b9da8b,LG10SUF
5ec94c9bb956ba02d5b9da8c,VN63NKF
5ec94c9eb956ba02d5b9da8e,KW67ONV
5ec94ca4b956ba02d5b9da8f,YA15EWN
5ec94ca6b956ba02d5b9da90,MW66WBF
5ec94cb4b956ba02d5b9da92,D3TKA
5ec94cb6b956ba02d5b9da93,LT16RTV
5ec94cb7b956ba02d5b9da96,LJ19ZWA
5ec94cb8b956ba02d5b9da97,LJ08ZWA
5ec94cb8b956ba02d5b9da98,LD65YCF
5ec94cb9b956ba02d5b9da9a,EU07UDZ
5ec94cbbb956ba02d5b9da9d,WM63MVW
5ec94cbcb956ba02d5b9daa0,DA63VJJ
5ec94cbfb956ba02d5b9daa1,KW67ONV
5ec94cc1b956ba02d5b9daa4,555SFH
5ec94cc3b956ba02d5b9daa5,PL14LVP
5ec94cc6b956ba02d5b9daa6,EO15OJU
5ec94ccab956ba02d5b9daa8,LF13YTT
_id,registration
