_id,"registraion,"
5f00a9bdd3e835074e4f2e72,61491
5f00a9bdd3e835074e4f2e73,150150
5f00a9bdd3e835074e4f2e74,207706
5f00a9bdd3e835074e4f2e75,767907
5f00a9bdd3e835074e4f2e76,809858
5f00a9bdd3e835074e4f2e77,810208
5f00a9bdd3e835074e4f2e78,10FY
5f00a9bdd3e835074e4f2e79,160D923
5f00a9bdd3e835074e4f2e7a,173D437
5f00a9bdd3e835074e4f2e7b,173D441
5f00a9bdd3e835074e4f2e7c,1777483-
5f00a9bdd3e835074e4f2e7d,1LLZ
5f00a9bdd3e835074e4f2e7e,1-XLY-217
5f00a9bdd3e835074e4f2e7f,28FF
5f00a9bdd3e835074e4f2e80,5645HBB
5f00a9bdd3e835074e4f2e81,86RRO
5f00a9bdd3e835074e4f2e82,882RTV
5f00a9bdd3e835074e4f2e83,AA009YN
5f00a9bdd3e835074e4f2e84,AC61YCJ
5f00a9bdd3e835074e4f2e85,AE07LKV
5f00a9bdd3e835074e4f2e86,AE17TGV
5f00a9bdd3e835074e4f2e87,AE63BWW
5f00a9bdd3e835074e4f2e88,AE68BDF
5f00a9bdd3e835074e4f2e89,AG09AUM
5f00a9bdd3e835074e4f2e8a,AG09SXM
5f00a9bdd3e835074e4f2e8b,AJ59YWG
5f00a9bdd3e835074e4f2e8c,AO09KAZ
5f00a9bdd3e835074e4f2e8d,AR05DVW
5f00a9bdd3e835074e4f2e8e,BD52EFS
5f00a9bdd3e835074e4f2e8f,BF09AVN
5f00a9bdd3e835074e4f2e90,BG12UAP
5f00a9bdd3e835074e4f2e91,BG65OJA
5f00a9bdd3e835074e4f2e92,Bike
5f00a9bdd3e835074e4f2e93,Bike
5f00a9bdd3e835074e4f2e94,BKO347
5f00a9bdd3e835074e4f2e95,BT68FNZ
5f00a9bdd3e835074e4f2e96,BV16MFX
5f00a9bdd3e835074e4f2e97,CP19SNV
5f00a9bdd3e835074e4f2e98,D12VNC
5f00a9bdd3e835074e4f2e99,D19RCA
5f00a9bdd3e835074e4f2e9a,D2VAA
5f00a9bdd3e835074e4f2e9b,D3TKA
5f00a9bdd3e835074e4f2e9c,DA09XYS
5f00a9bdd3e835074e4f2e9d,DA63VJJ
5f00a9bdd3e835074e4f2e9e,DG14ONK
5f00a9bdd3e835074e4f2e9f,DK12EHN
5f00a9bdd3e835074e4f2ea0,DS11WRF
5f00a9bdd3e835074e4f2ea1,DV52FLH
5f00a9bdd3e835074e4f2ea2,E3HSH
5f00a9bdd3e835074e4f2ea3,E653YE77
5f00a9bdd3e835074e4f2ea4,EK02NMU
5f00a9bdd3e835074e4f2ea5,EK63HCZ
5f00a9bdd3e835074e4f2ea6,EO15OJU
5f00a9bdd3e835074e4f2ea7,EU07UDZ
5f00a9bdd3e835074e4f2ea8,Europe
5f00a9bdd3e835074e4f2ea9,F8RWD
5f00a9bdd3e835074e4f2eaa,FE67HGC
5f00a9bdd3e835074e4f2eab,FH64VHU
5f00a9bdd3e835074e4f2eac,FN09EKH
5f00a9bdd3e835074e4f2ead,FX15OVE
5f00a9bdd3e835074e4f2eae,FY66LZA
5f00a9bdd3e835074e4f2eaf,GF19WVU
5f00a9bdd3e835074e4f2eb0,GF63EPV
5f00a9bdd3e835074e4f2eb1,GJ20GXP
5f00a9bdd3e835074e4f2eb2,GK17KKZ
5f00a9bdd3e835074e4f2eb3,GK18NCA
5f00a9bdd3e835074e4f2eb4,GL17OWJ
5f00a9bdd3e835074e4f2eb5,GU63RYZ
5f00a9bdd3e835074e4f2eb6,GX53OWZ
5f00a9bdd3e835074e4f2eb7,H064AT799
5f00a9bdd3e835074e4f2eb8,H18UAE
5f00a9bdd3e835074e4f2eb9,H19UAE
5f00a9bdd3e835074e4f2eba,H1CRG
5f00a9bdd3e835074e4f2ebb,HJ13VJZ
5f00a9bdd3e835074e4f2ebc,HK12FEU
5f00a9bdd3e835074e4f2ebd,HU55AMW
5f00a9bdd3e835074e4f2ebe,HV57XLZ
5f00a9bdd3e835074e4f2ebf,J1RGH
5f00a9bdd3e835074e4f2ec0,J800FOX
5f00a9bdd3e835074e4f2ec1,KC02HPU
5f00a9bdd3e835074e4f2ec2,KC15BGV
5f00a9bdd3e835074e4f2ec3,KE15UXH
5f00a9bdd3e835074e4f2ec4,KE69CVA
5f00a9bdd3e835074e4f2ec5,KM19PJL
5f00a9bdd3e835074e4f2ec6,KM64SWX
5f00a9bdd3e835074e4f2ec7,KM69VBF
5f00a9bdd3e835074e4f2ec8,KN69ZBW
5f00a9bdd3e835074e4f2ec9,KO18FNT
5f00a9bdd3e835074e4f2eca,KP17CDN
5f00a9bdd3e835074e4f2ecb,KR16OAW
5f00a9bdd3e835074e4f2ecc,KS15YYE
5f00a9bdd3e835074e4f2ecd,KU11MSH
5f00a9bdd3e835074e4f2ece,KV19KBC
5f00a9bdd3e835074e4f2ecf,KW67ONV
5f00a9bdd3e835074e4f2ed0,KX05AUE
5f00a9bdd3e835074e4f2ed1,KY67BXN
5f00a9bdd3e835074e4f2ed2,L111NXD
5f00a9bdd3e835074e4f2ed3,L111NXG
5f00a9bdd3e835074e4f2ed4,L4EOG
5f00a9bdd3e835074e4f2ed5,LA16XWW
5f00a9bdd3e835074e4f2ed6,LA17ONC
5f00a9bdd3e835074e4f2ed7,LA18YZJ
5f00a9bdd3e835074e4f2ed8,LA19OTG
5f00a9bdd3e835074e4f2ed9,LB10RNU
5f00a9bdd3e835074e4f2eda,LB12OTR
5f00a9bdd3e835074e4f2edb,LB12TCO
5f00a9bdd3e835074e4f2edc,LB17KPE
5f00a9bdd3e835074e4f2edd,LB65LFR
5f00a9bdd3e835074e4f2ede,LB69KZK
5f00a9bdd3e835074e4f2edf,LB69LGO
5f00a9bdd3e835074e4f2ee0,LC07YWW
5f00a9bdd3e835074e4f2ee1,LC08XZD
5f00a9bdd3e835074e4f2ee2,LC11XPA
5f00a9bdd3e835074e4f2ee3,LC13MBF
5f00a9bdd3e835074e4f2ee4,LC15JXX
5f00a9bdd3e835074e4f2ee5,LC17RGU
5f00a9bdd3e835074e4f2ee6,LC18ONK
5f00a9bdd3e835074e4f2ee7,LC61WVH
5f00a9bdd3e835074e4f2ee8,LC67BJZ
5f00a9bdd3e835074e4f2ee9,LC67DND
5f00a9bdd3e835074e4f2eea,LC67ETE
5f00a9bdd3e835074e4f2eeb,LD15NPN
5f00a9bdd3e835074e4f2eec,LD63UAB
5f00a9bdd3e835074e4f2eed,LD65YCF
5f00a9bdd3e835074e4f2eee,LD68MXU
5f00a9bdd3e835074e4f2eef,LD68UTC
5f00a9bdd3e835074e4f2ef0,LD69VXB
5f00a9bdd3e835074e4f2ef1,LE57HCZ
5f00a9bdd3e835074e4f2ef2,LF13AVG
5f00a9bdd3e835074e4f2ef3,LF13OGE
5f00a9bdd3e835074e4f2ef4,LF13YTT
5f00a9bdd3e835074e4f2ef5,LF14HSU
5f00a9bdd3e835074e4f2ef6,LF16OFL
5f00a9bdd3e835074e4f2ef7,LF17EYM
5f00a9bdd3e835074e4f2ef8,LF17SWX
5f00a9bdd3e835074e4f2ef9,LF18FYS
5f00a9bdd3e835074e4f2efa,LF18VJZ
5f00a9bdd3e835074e4f2efb,LF19AXS
5f00a9bdd3e835074e4f2efc,LF51NYS
5f00a9bdd3e835074e4f2efd,LF54FBC
5f00a9bdd3e835074e4f2efe,LF56GDV
5f00a9bdd3e835074e4f2eff,LF64WJM
5f00a9bdd3e835074e4f2f00,LF65MZD
5f00a9bdd3e835074e4f2f01,LF65OTA
5f00a9bdd3e835074e4f2f02,LG10SUF
5f00a9bdd3e835074e4f2f03,LG14XWE
5f00a9bdd3e835074e4f2f04,LG15WFF
5f00a9bdd3e835074e4f2f05,LG16EYA
5f00a9bdd3e835074e4f2f06,LG17RLO
5f00a9bdd3e835074e4f2f07,LG17ZVW
5f00a9bdd3e835074e4f2f08,LG19HVA
5f00a9bdd3e835074e4f2f09,LG52EYO-
5f00a9bdd3e835074e4f2f0a,LG55EDK
5f00a9bdd3e835074e4f2f0b,LG61NBB
5f00a9bdd3e835074e4f2f0c,LJ07SKN-
5f00a9bdd3e835074e4f2f0d,LJ09EHV
5f00a9bdd3e835074e4f2f0e,LJ15USY
5f00a9bdd3e835074e4f2f0f,LJ16VSY
5f00a9bdd3e835074e4f2f10,LJ17XYT
5f00a9bdd3e835074e4f2f11,LJ18ZWA
5f00a9bdd3e835074e4f2f12,LJ19ZOX
5f00a9bdd3e835074e4f2f13,LJ57ZZD
5f00a9bdd3e835074e4f2f14,LJ67WSO
5f00a9bdd3e835074e4f2f15,LJ68XMA
5f00a9bdd3e835074e4f2f16,LK05CUO-
5f00a9bdd3e835074e4f2f17,LK19OHX
5f00a9bdd3e835074e4f2f18,LK64XGH
5f00a9bdd3e835074e4f2f19,LL67RYU
5f00a9bdd3e835074e4f2f1a,LM11KNV
5f00a9bdd3e835074e4f2f1b,LN64WVM
5f00a9bdd3e835074e4f2f1c,LO68JZF
5f00a9bdd3e835074e4f2f1d,LP07AUU
5f00a9bdd3e835074e4f2f1e,LP15JVN
5f00a9bdd3e835074e4f2f1f,LP68USE
5f00a9bdd3e835074e4f2f20,LR62VGO
5f00a9bdd3e835074e4f2f21,LR63KYO
5f00a9bdd3e835074e4f2f22,LT16RTV
5f00a9bdd3e835074e4f2f23,LT64BOF
5f00a9bdd3e835074e4f2f24,LV68XJB
5f00a9bdd3e835074e4f2f25,LV69HLE
5f00a9bdd3e835074e4f2f26,LX12OMZ
5f00a9bdd3e835074e4f2f27,M500MBF
5f00a9bdd3e835074e4f2f28,M963TDB
5f00a9bdd3e835074e4f2f29,MA17PXR
5f00a9bdd3e835074e4f2f2a,MF14MWP
5f00a9bdd3e835074e4f2f2b,MF65OVK
5f00a9bdd3e835074e4f2f2c,MT16CVC
5f00a9bdd3e835074e4f2f2d,NA05CZO
5f00a9bdd3e835074e4f2f2e,NJ64KNH
5f00a9bdd3e835074e4f2f2f,OE17BNV
5f00a9bdd3e835074e4f2f30,OIB430
5f00a9bdd3e835074e4f2f31,OV65MWO
5f00a9bdd3e835074e4f2f32,PL14LVP
5f00a9bdd3e835074e4f2f33,PL66XNV
5f00a9bdd3e835074e4f2f34,R111DFB
5f00a9bdd3e835074e4f2f35,RA52UBZ
5f00a9bdd3e835074e4f2f36,RF69DHE
5f00a9bdd3e835074e4f2f37,RJ16XYD
5f00a9bdd3e835074e4f2f38,RJ17WXL
5f00a9bdd3e835074e4f2f39,RK16LUF
5f00a9bdd3e835074e4f2f3a,RK55THZ.
5f00a9bdd3e835074e4f2f3b,RO51NXD
5f00a9bdd3e835074e4f2f3c,RO64HRA
5f00a9bdd3e835074e4f2f3d,RX04LSC
5f00a9bdd3e835074e4f2f3e,RX68TWL
5f00a9bdd3e835074e4f2f3f,S55SFH
5f00a9bdd3e835074e4f2f40,S5SWU
5f00a9bdd3e835074e4f2f41,S77NJC
5f00a9bdd3e835074e4f2f42,SD09ZTZ
5f00a9bdd3e835074e4f2f43,SD68ZZF
5f00a9bdd3e835074e4f2f44,SE60HAO
5f00a9bdd3e835074e4f2f45,SF15LXC
5f00a9bdd3e835074e4f2f46,SH11EGH
5f00a9bdd3e835074e4f2f47,SM05YLR
5f00a9bdd3e835074e4f2f48,SW15HWA
5f00a9bdd3e835074e4f2f49,T414KKL
5f00a9bdd3e835074e4f2f4a,T777MVA
5f00a9bdd3e835074e4f2f4b,Time
5f00a9bdd3e835074e4f2f4c,UAE2
5f00a9bdd3e835074e4f2f4d,UK10NLY
5f00a9bdd3e835074e4f2f4e,V8NOP
5f00a9bdd3e835074e4f2f4f,V9NRB
5f00a9bdd3e835074e4f2f50,VA64OAG
5f00a9bdd3e835074e4f2f51,VE67APK
5f00a9bdd3e835074e4f2f52,VF12JWP
5f00a9bdd3e835074e4f2f53,VK11XCM
5f00a9bdd3e835074e4f2f54,VN63NKF
5f00a9bdd3e835074e4f2f55,VS378770
5f00a9bdd3e835074e4f2f56,VS423239
5f00a9bdd3e835074e4f2f57,WA12OCK
5f00a9bdd3e835074e4f2f58,WM63MVW
5f00a9bdd3e835074e4f2f59,WN06YSZ
5f00a9bdd3e835074e4f2f5a,WR67VYH
5f00a9bdd3e835074e4f2f5b,WV16NKK
5f00a9bdd3e835074e4f2f5c,X888JSK
5f00a9bdd3e835074e4f2f5d,XX11SHS
5f00a9bdd3e835074e4f2f5e,Y3EXO
5f00a9bdd3e835074e4f2f5f,Y874HDM
5f00a9bdd3e835074e4f2f60,Y888BAD
5f00a9bdd3e835074e4f2f61,YA15EWN
5f00a9bdd3e835074e4f2f62,YA18FKT
5f00a9bdd3e835074e4f2f63,YB12JGX
5f00a9bdd3e835074e4f2f64,YB67PZS
5f00a9bdd3e835074e4f2f65,YC08LHZ
5f00a9bdd3e835074e4f2f66,YD64GPO
5f00a9bdd3e835074e4f2f67,YD68CDY
5f00a9bdd3e835074e4f2f68,YH20HHT
5f00a9bdd3e835074e4f2f69,YH20HHU
5f00a9bdd3e835074e4f2f6a,YH20HHW
5f00a9bdd3e835074e4f2f6b,YH20HHY
5f00a9bdd3e835074e4f2f6c,YJ15XKX
5f00a9bdd3e835074e4f2f6d,YK18NTH
5f00a9bdd3e835074e4f2f6e,YK62RWX
5f00a9bdd3e835074e4f2f6f,YL18NDV
5f00a9bdd3e835074e4f2f70,YL18NLG